{
    "name": "Test product",
    "productCode": "TEST_PRODUCT_CODE",
    "typeCode": "TOURS",
    "isAvailable": "Y",
    "description": "Test description",
    "shortDesc": "Test short description",
    "tourHighlights": "Test highlights",
    "sideMedia": "test",
    "videoLink": "test",
    "lengthHours": "4",
    "revenueAccNo": "123",
    "advRevenueAccNo": "123",
    "templateCode": "BRIDGE-CONF",
    "tourOperatorEmail": "test@email.com",
    "city": "Sydney",
    "cutoff": "123",
    "minGuestNo": "2",
    "tourTime": "2:15pm (Apr 1st - Sep 30th) / 3:15pm (Oct 1st - Mar 31st)",
    "basePrice": 123,
    "childPrice": 123,
    "familyRate": 123,
    "additionalRate": 123,
    "employeePrice": 123,
    "availabilityMon": "15:15:00",
    "availabilityTue": "15:15:00",
    "availabilityWed": "15:15:00",
    "availabilityThu": "15:15:00",
    "availabilityFri": "15:15:00",
    "availabilitySat": "15:15:00",
    "availabilitySun": "15:15:00"
}